{"mean":{"confidence_interval":{"confidence_level":0.95,"lower_bound":14700.948622674654,"upper_bound":14730.16434162215},"point_estimate":14713.942623871128,"standard_error":7.508019692219413},"median":{"confidence_interval":{"confidence_level":0.95,"lower_bound":14686.425744371823,"upper_bound":14694.11236231089},"point_estimate":14690.89592760181,"standard_error":1.7839429882614546},"median_abs_dev":{"confidence_interval":{"confidence_level":0.95,"lower_bound":9.907154836219174,"upper_bound":21.214585997617718},"point_estimate":15.108876083391712,"standard_error":2.5889445847702404},"slope":{"confidence_interval":{"confidence_level":0.95,"lower_bound":14699.129425653351,"upper_bound":14763.095461388923},"point_estimate":14727.06053499248,"standard_error":16.595476167211615},"std_dev":{"confidence_interval":{"confidence_level":0.95,"lower_bound":34.73040979307889,"upper_bound":108.27088867209277},"point_estimate":75.4364372720646,"standard_error":18.863952228763893}}