{"mean":{"confidence_interval":{"confidence_level":0.95,"lower_bound":25382.620417888655,"upper_bound":25405.06821878504},"point_estimate":25393.440006787703,"standard_error":5.715308766213723},"median":{"confidence_interval":{"confidence_level":0.95,"lower_bound":25371.0089439546,"upper_bound":25392.325138778746},"point_estimate":25382.768241457044,"standard_error":5.393727816388381},"median_abs_dev":{"confidence_interval":{"confidence_level":0.95,"lower_bound":35.546624176615445,"upper_bound":62.16368493474191},"point_estimate":51.02440029026092,"standard_error":6.939819974326262},"slope":{"confidence_interval":{"confidence_level":0.95,"lower_bound":25374.936293079834,"upper_bound":25392.88985821065},"point_estimate":25383.67298579456,"standard_error":4.575341659212927},"std_dev":{"confidence_interval":{"confidence_level":0.95,"lower_bound":44.92551203654513,"upper_bound":68.58403594522386},"point_estimate":57.297204279212615,"standard_error":6.057161183419681}}